cycle,gender,race_ethnicity,prevalence_pct,n_unweighted,n_cases,weighted_pop,outcome,midyear
1999-2000,Female,Mexican American,0.9014707992612708,687.0,19.0,542578.2122157812,Heart Failure,1999.5
1999-2000,Female,Non-Hispanic Black,1.5831052664573717,495.0,15.0,1039657.3340433838,Heart Failure,1999.5
1999-2000,Female,Non-Hispanic White,1.7837007292181168,1150.0,37.0,6323748.031480513,Heart Failure,1999.5
1999-2000,Female,Other Hispanic,3.580816572690166,180.0,7.0,804136.0688252875,Heart Failure,1999.5
1999-2000,Male,Mexican American,1.2994639599046147,586.0,24.0,564366.9930405838,Heart Failure,1999.5
1999-2000,Male,Non-Hispanic Black,1.6407068484511238,409.0,16.0,842711.2055531808,Heart Failure,1999.5
1999-2000,Male,Non-Hispanic White,2.493409185999543,1057.0,43.0,5922265.001341667,Heart Failure,1999.5
1999-2000,Male,Other Hispanic,2.947031877445491,129.0,5.0,610542.6242995576,Heart Failure,1999.5
2001-2002,Female,Mexican American,0.9119084809551974,572.0,7.0,620755.0134733636,Heart Failure,2001.5
2001-2002,Female,Non-Hispanic Black,3.412495726891112,532.0,22.0,1108913.7256077272,Heart Failure,2001.5
2001-2002,Female,Non-Hispanic White,2.0645892909909462,1518.0,52.0,6642675.250238363,Heart Failure,2001.5
2001-2002,Female,Other Hispanic,1.855373222279356,128.0,4.0,608315.3222963637,Heart Failure,2001.5
2001-2002,Male,Mexican American,1.394365625489402,536.0,15.0,680655.606917091,Heart Failure,2001.5
2001-2002,Male,Non-Hispanic Black,2.8029776276637897,475.0,17.0,869462.8959679091,Heart Failure,2001.5
2001-2002,Male,Non-Hispanic White,2.290048064269393,1329.0,62.0,6285825.055288726,Heart Failure,2001.5
2001-2002,Male,Other Hispanic,2.2444037567612383,109.0,3.0,476802.9951967274,Heart Failure,2001.5
2003-2004,Female,Mexican American,1.3757743381046004,500.0,13.0,680496.9330275455,Heart Failure,2003.5
2003-2004,Female,Non-Hispanic Black,2.6574219775548924,516.0,16.0,1168899.0531799998,Heart Failure,2003.5
2003-2004,Female,Non-Hispanic White,2.5864296493096544,1402.0,64.0,6976354.664999546,Heart Failure,2003.5
2003-2004,Female,Other Hispanic,0.0,81.0,0.0,358680.4024237272,Heart Failure,2003.5
2003-2004,Male,Mexican American,0.4475358541693887,478.0,10.0,762015.1399453636,Heart Failure,2003.5
2003-2004,Male,Non-Hispanic Black,1.4930797975301486,475.0,9.0,919522.5447842728,Heart Failure,2003.5
2003-2004,Male,Non-Hispanic White,3.4472147551322503,1277.0,79.0,6436075.818209546,Heart Failure,2003.5
2003-2004,Male,Other Hispanic,0.8879688555296327,71.0,2.0,311767.4187901818,Heart Failure,2003.5
2005-2006,Female,Mexican American,1.0034378316796104,526.0,6.0,718606.9899067273,Heart Failure,2005.5
2005-2006,Female,Non-Hispanic Black,3.6996515218960657,578.0,26.0,1201591.3898177273,Heart Failure,2005.5
2005-2006,Female,Non-Hispanic White,2.20717130252442,1278.0,41.0,7062054.2788120005,Heart Failure,2005.5
2005-2006,Female,Other Hispanic,0.0,79.0,0.0,339574.90510590904,Heart Failure,2005.5
2005-2006,Male,Mexican American,1.1818643833065752,473.0,10.0,800935.142942091,Heart Failure,2005.5
2005-2006,Male,Non-Hispanic Black,3.474206110832022,541.0,25.0,983241.8888485455,Heart Failure,2005.5
2005-2006,Male,Non-Hispanic White,3.273028060322073,1210.0,66.0,6652082.106479182,Heart Failure,2005.5
2005-2006,Male,Other Hispanic,1.750049310354094,74.0,1.0,301378.433509091,Heart Failure,2005.5
2007-2008,Female,Mexican American,0.7039858875810174,529.0,7.0,748785.1230711818,Heart Failure,2007.5
2007-2008,Female,Non-Hispanic Black,3.0964670452653067,639.0,31.0,1225480.4776044546,Heart Failure,2007.5
2007-2008,Female,Non-Hispanic White,2.0454721619905247,1365.0,44.0,7064660.051372545,Heart Failure,2007.5
2007-2008,Female,Other Hispanic,1.352050669178398,370.0,6.0,504784.7309572727,Heart Failure,2007.5
2007-2008,Male,Mexican American,1.2623696466881302,496.0,11.0,871717.2496587273,Heart Failure,2007.5
2007-2008,Male,Non-Hispanic Black,4.366038813464919,588.0,33.0,979866.2669292728,Heart Failure,2007.5
2007-2008,Male,Non-Hispanic White,2.407064512550789,1383.0,63.0,6474555.949408364,Heart Failure,2007.5
2007-2008,Male,Other Hispanic,1.787846274513235,294.0,10.0,449917.51431654545,Heart Failure,2007.5
2009-2010,Female,Mexican American,0.7017247860493242,586.0,8.0,802741.5322912727,Heart Failure,2009.5
2009-2010,Female,Non-Hispanic Black,2.675875792854578,568.0,20.0,1255133.5087733637,Heart Failure,2009.5
2009-2010,Female,Non-Hispanic White,1.9155226184978529,1518.0,35.0,6958586.071891727,Heart Failure,2009.5
2009-2010,Female,Other Hispanic,1.9241635714821084,348.0,11.0,507945.63126927277,Heart Failure,2009.5
2009-2010,Male,Mexican American,0.7564538659610285,542.0,7.0,898087.9880897272,Heart Failure,2009.5
2009-2010,Male,Non-Hispanic Black,3.2261137339446395,553.0,20.0,1011698.4583322727,Heart Failure,2009.5
2009-2010,Male,Non-Hispanic White,2.4179088885888347,1454.0,62.0,6558578.351643636,Heart Failure,2009.5
2009-2010,Male,Other Hispanic,1.341524815283016,283.0,7.0,491652.9304257273,Heart Failure,2009.5
2011-2012,Female,Mexican American,1.7992315428863654,255.0,7.0,755787.1404974544,Heart Failure,2011.5
2011-2012,Female,Non-Hispanic Asian,0.20180218130846958,403.0,1.0,567968.3430238182,Heart Failure,2011.5
2011-2012,Female,Non-Hispanic Black,3.6772476087098322,755.0,32.0,1303627.4987328183,Heart Failure,2011.5
2011-2012,Female,Non-Hispanic White,3.356610205263823,1015.0,49.0,6990688.320963182,Heart Failure,2011.5
2011-2012,Female,Other Hispanic,1.785387927682196,314.0,6.0,702473.0068663637,Heart Failure,2011.5
2011-2012,Female,Other/Multiracial,5.085084941465819,70.0,2.0,260749.89732790913,Heart Failure,2011.5
2011-2012,Male,Mexican American,1.4109075368967934,285.0,6.0,817120.5715315455,Heart Failure,2011.5
2011-2012,Male,Non-Hispanic Asian,1.1881841973435106,387.0,7.0,490206.94650363637,Heart Failure,2011.5
2011-2012,Male,Non-Hispanic Black,2.084062493837512,695.0,21.0,1031569.1862681818,Heart Failure,2011.5
2011-2012,Male,Non-Hispanic White,2.6556120724781795,1023.0,47.0,6530557.509546092,Heart Failure,2011.5
2011-2012,Male,Other Hispanic,1.8212806136013981,260.0,7.0,627452.4431038181,Heart Failure,2011.5
2011-2012,Male,Other/Multiracial,7.018956973777745,82.0,2.0,259389.880153,Heart Failure,2011.5
2013-2014,Female,Mexican American,2.6142346090154613,389.0,11.0,914570.2089838181,Heart Failure,2013.5
2013-2014,Female,Non-Hispanic Asian,0.4142436920052969,346.0,2.0,605719.465568,Heart Failure,2013.5
2013-2014,Female,Non-Hispanic Black,3.980169592587306,596.0,26.0,1315587.266637,Heart Failure,2013.5
2013-2014,Female,Non-Hispanic White,2.8330405572018207,1294.0,51.0,7095367.942195363,Heart Failure,2013.5
2013-2014,Female,Other Hispanic,1.2004080474748584,289.0,3.0,624155.1546225455,Heart Failure,2013.5
2013-2014,Female,Other/Multiracial,1.967191795831036,94.0,2.0,260317.91425809092,Heart Failure,2013.5
2013-2014,Male,Mexican American,1.2465801592382089,377.0,8.0,991915.3336066364,Heart Failure,2013.5
2013-2014,Male,Non-Hispanic Asian,1.073252110443146,321.0,4.0,508903.2380640909,Heart Failure,2013.5
2013-2014,Male,Non-Hispanic Black,2.7865243289409998,577.0,18.0,1064336.8323257272,Heart Failure,2013.5
2013-2014,Male,Non-Hispanic White,2.9227849111933697,1175.0,51.0,6606346.937927091,Heart Failure,2013.5
2013-2014,Male,Other Hispanic,0.9035236168472633,219.0,5.0,533098.7341122727,Heart Failure,2013.5
2013-2014,Male,Other/Multiracial,0.0,84.0,1.0,297862.69543872727,Heart Failure,2013.5
2015-2016,Female,Mexican American,0.6493120767003628,536.0,6.0,950157.716062,Heart Failure,2015.5
2015-2016,Female,Non-Hispanic Asian,0.8330171447660285,351.0,3.0,659140.1045256364,Heart Failure,2015.5
2015-2016,Female,Non-Hispanic Black,3.8239176927804004,635.0,28.0,1346574.5184635455,Heart Failure,2015.5
2015-2016,Female,Non-Hispanic White,2.1422967501129646,916.0,29.0,7012860.245875908,Heart Failure,2015.5
2015-2016,Female,Other Hispanic,2.6435565687980187,433.0,19.0,693600.9783891819,Heart Failure,2015.5
2015-2016,Female,Other/Multiracial,2.808611606781859,98.0,4.0,401074.5118134545,Heart Failure,2015.5
2015-2016,Male,Mexican American,2.1938889335388234,456.0,18.0,937360.3069285455,Heart Failure,2015.5
2015-2016,Male,Non-Hispanic Asian,1.897408239071914,338.0,9.0,578250.5053699091,Heart Failure,2015.5
2015-2016,Male,Non-Hispanic Black,3.8539030811383057,563.0,29.0,1074082.4539471818,Heart Failure,2015.5
2015-2016,Male,Non-Hispanic White,2.526971525264171,942.0,50.0,6560737.092647091,Heart Failure,2015.5
2015-2016,Male,Other Hispanic,2.312787532606452,333.0,14.0,670486.539508,Heart Failure,2015.5
2015-2016,Male,Other/Multiracial,3.8916475239538593,107.0,5.0,389786.7136965454,Heart Failure,2015.5
2017-2018,Female,Mexican American,1.6443652115028704,379.0,10.0,913015.2783589857,Heart Failure,2017.5
2017-2018,Female,Non-Hispanic Asian,0.5021731750889743,436.0,3.0,696246.0766227995,Heart Failure,2017.5
2017-2018,Female,Non-Hispanic Black,2.992625433403834,681.0,26.0,1360210.4926062943,Heart Failure,2017.5
2017-2018,Female,Non-Hispanic White,1.8040827770367742,960.0,34.0,7012096.125224063,Heart Failure,2017.5
2017-2018,Female,Other Hispanic,0.5836801381576535,283.0,3.0,813341.9810484387,Heart Failure,2017.5
2017-2018,Female,Other/Multiracial,2.282781955320818,122.0,5.0,449688.3845986902,Heart Failure,2017.5
2017-2018,Male,Mexican American,0.2647205297828943,352.0,3.0,988392.316646507,Heart Failure,2017.5
2017-2018,Male,Non-Hispanic Asian,1.630543912427447,371.0,6.0,576770.9647994795,Heart Failure,2017.5
2017-2018,Male,Non-Hispanic Black,3.0939151464299566,616.0,30.0,1123278.20806867,Heart Failure,2017.5
2017-2018,Male,Non-Hispanic White,3.5032500849267243,969.0,65.0,6484442.479642956,Heart Failure,2017.5
2017-2018,Male,Other Hispanic,2.4895705379122424,232.0,6.0,697100.4253348182,Heart Failure,2017.5
2017-2018,Male,Other/Multiracial,2.600843048623985,151.0,10.0,557971.0224519926,Heart Failure,2017.5
2021-2022,Female,Mexican American,2.0551041334587117,282.0,4.0,754509.2337528182,Heart Failure,2021.5
2021-2022,Female,Non-Hispanic Asian,0.7344993229708756,237.0,4.0,734438.8624545455,Heart Failure,2021.5
2021-2022,Female,Non-Hispanic Black,3.6804920357698685,568.0,28.0,1366210.0407287274,Heart Failure,2021.5
2021-2022,Female,Non-Hispanic White,2.786299056611924,2523.0,97.0,6832836.102814,Heart Failure,2021.5
2021-2022,Female,Other Hispanic,1.9199033745334786,436.0,18.0,1117837.7878349999,Heart Failure,2021.5
2021-2022,Female,Other/Multiracial,1.6365348955922971,268.0,7.0,666805.3104836365,Heart Failure,2021.5
2021-2022,Male,Mexican American,0.379736614814042,262.0,2.0,831690.3238317273,Heart Failure,2021.5
2021-2022,Male,Non-Hispanic Asian,1.316571190772297,184.0,8.0,625225.4636315454,Heart Failure,2021.5
2021-2022,Male,Non-Hispanic Black,3.776139815796399,425.0,21.0,1088625.659813182,Heart Failure,2021.5
2021-2022,Male,Non-Hispanic White,3.856476362320524,2022.0,117.0,6534774.545475,Heart Failure,2021.5
2021-2022,Male,Other Hispanic,2.958581895791962,341.0,20.0,1010995.2173185456,Heart Failure,2021.5
2021-2022,Male,Other/Multiracial,6.326465283098259,243.0,17.0,691799.9487632727,Heart Failure,2021.5
1999-2000,Female,Mexican American,0.6602483926539611,689.0,13.0,542428.6822818987,Heart Attack (MI),1999.5
1999-2000,Female,Non-Hispanic Black,1.0699408476774965,498.0,12.0,1042367.4547436084,Heart Attack (MI),1999.5
1999-2000,Female,Non-Hispanic White,2.396469765442116,1151.0,40.0,6330458.728320744,Heart Attack (MI),1999.5
1999-2000,Female,Other Hispanic,1.8057552583584238,178.0,4.0,796154.5241653319,Heart Attack (MI),1999.5
1999-2000,Male,Mexican American,1.4970746514187048,590.0,24.0,565008.3177272717,Heart Attack (MI),1999.5
1999-2000,Male,Non-Hispanic Black,3.1750656588590562,409.0,21.0,843729.5734456518,Heart Attack (MI),1999.5
1999-2000,Male,Non-Hispanic White,5.692832454610156,1056.0,93.0,5914667.38815796,Heart Attack (MI),1999.5
1999-2000,Male,Other Hispanic,2.1154907341288753,130.0,5.0,612204.8927695141,Heart Attack (MI),1999.5
2001-2002,Female,Mexican American,1.037071721601942,573.0,10.0,620723.1777533636,Heart Attack (MI),2001.5
2001-2002,Female,Non-Hispanic Black,3.0242998326908936,535.0,22.0,1113044.8563709091,Heart Attack (MI),2001.5
2001-2002,Female,Non-Hispanic White,2.3208185527102745,1519.0,61.0,6653236.424902637,Heart Attack (MI),2001.5
2001-2002,Female,Other Hispanic,0.3415607604281422,128.0,1.0,608315.3222963637,Heart Attack (MI),2001.5
2001-2002,Male,Mexican American,1.651332958052275,538.0,21.0,681308.3767682726,Heart Attack (MI),2001.5
2001-2002,Male,Non-Hispanic Black,3.8186513417623456,476.0,24.0,870267.9191237272,Heart Attack (MI),2001.5
2001-2002,Male,Non-Hispanic White,4.416395635238571,1332.0,112.0,6298688.323443,Heart Attack (MI),2001.5
2001-2002,Male,Other Hispanic,1.6094437017034795,109.0,4.0,476802.9951967274,Heart Attack (MI),2001.5
2003-2004,Female,Mexican American,1.7808883677332688,501.0,16.0,682636.6943084546,Heart Attack (MI),2003.5
2003-2004,Female,Non-Hispanic Black,3.9375226970086827,518.0,22.0,1173418.6426360907,Heart Attack (MI),2003.5
2003-2004,Female,Non-Hispanic White,3.1341645921460253,1404.0,63.0,6992464.950567545,Heart Attack (MI),2003.5
2003-2004,Female,Other Hispanic,1.362442301375194,81.0,1.0,358680.4024237272,Heart Attack (MI),2003.5
2003-2004,Male,Mexican American,1.030568515987459,481.0,16.0,762862.8740916364,Heart Attack (MI),2003.5
2003-2004,Male,Non-Hispanic Black,2.131905946189752,476.0,13.0,920647.6276432727,Heart Attack (MI),2003.5
2003-2004,Male,Non-Hispanic White,6.177202893210799,1278.0,131.0,6440980.130489455,Heart Attack (MI),2003.5
2003-2004,Male,Other Hispanic,1.777405019961735,71.0,3.0,311767.4187901818,Heart Attack (MI),2003.5
2005-2006,Female,Mexican American,0.7010913466364881,528.0,5.0,719829.4074896364,Heart Attack (MI),2005.5
2005-2006,Female,Non-Hispanic Black,1.8604971540714692,580.0,13.0,1205392.1963724545,Heart Attack (MI),2005.5
2005-2006,Female,Non-Hispanic White,3.357454188861219,1277.0,47.0,7053153.270469545,Heart Attack (MI),2005.5
2005-2006,Female,Other Hispanic,1.2926819127242275,79.0,1.0,339574.90510590904,Heart Attack (MI),2005.5
2005-2006,Male,Mexican American,1.271720114263539,474.0,11.0,800935.142942091,Heart Attack (MI),2005.5
2005-2006,Male,Non-Hispanic Black,4.075907190412675,541.0,31.0,983241.8888485455,Heart Attack (MI),2005.5
2005-2006,Male,Non-Hispanic White,5.144076475660741,1214.0,100.0,6652989.640019,Heart Attack (MI),2005.5
2005-2006,Male,Other Hispanic,1.7375679079983348,75.0,1.0,303543.31320827274,Heart Attack (MI),2005.5
2007-2008,Female,Mexican American,0.5585615639973243,532.0,7.0,751961.6558608182,Heart Attack (MI),2007.5
2007-2008,Female,Non-Hispanic Black,2.67916485948424,639.0,23.0,1225480.4776044546,Heart Attack (MI),2007.5
2007-2008,Female,Non-Hispanic White,2.3280161831469153,1363.0,54.0,7061154.944478819,Heart Attack (MI),2007.5
2007-2008,Female,Other Hispanic,2.251384250059859,369.0,10.0,504284.6178570909,Heart Attack (MI),2007.5
2007-2008,Male,Mexican American,1.7585594297858398,498.0,16.0,873731.3215902727,Heart Attack (MI),2007.5
2007-2008,Male,Non-Hispanic Black,3.844854599780465,588.0,26.0,979866.2669292728,Heart Attack (MI),2007.5
2007-2008,Male,Non-Hispanic White,4.6988370159874355,1391.0,119.0,6492280.465608364,Heart Attack (MI),2007.5
2007-2008,Male,Other Hispanic,3.182185508218003,296.0,15.0,451760.90737472725,Heart Attack (MI),2007.5
2009-2010,Female,Mexican American,1.8023234684961094,584.0,15.0,801111.5582150909,Heart Attack (MI),2009.5
2009-2010,Female,Non-Hispanic Black,2.429991686288805,569.0,17.0,1256349.2040729092,Heart Attack (MI),2009.5
2009-2010,Female,Non-Hispanic White,1.9162814926875844,1517.0,40.0,6950735.479981,Heart Attack (MI),2009.5
2009-2010,Female,Other Hispanic,0.3770910455367035,348.0,2.0,508556.07594172726,Heart Attack (MI),2009.5
2009-2010,Male,Mexican American,2.565660433442461,547.0,21.0,899910.4856927273,Heart Attack (MI),2009.5
2009-2010,Male,Non-Hispanic Black,3.581312378205079,553.0,25.0,1011698.4583322727,Heart Attack (MI),2009.5
2009-2010,Male,Non-Hispanic White,5.511369731248659,1455.0,123.0,6560357.661986273,Heart Attack (MI),2009.5
2009-2010,Male,Other Hispanic,2.280704516257641,282.0,10.0,490781.07057118183,Heart Attack (MI),2009.5
2011-2012,Female,Mexican American,1.5922774672902382,255.0,6.0,755787.1404974544,Heart Attack (MI),2011.5
2011-2012,Female,Non-Hispanic Asian,0.4208717237581235,405.0,2.0,570664.1037168182,Heart Attack (MI),2011.5
2011-2012,Female,Non-Hispanic Black,2.0534309122484196,756.0,20.0,1304901.846567091,Heart Attack (MI),2011.5
2011-2012,Female,Non-Hispanic White,3.0014472465545317,1016.0,43.0,6995220.508606909,Heart Attack (MI),2011.5
2011-2012,Female,Other Hispanic,2.0813734649523914,316.0,9.0,705493.8594802727,Heart Attack (MI),2011.5
2011-2012,Female,Other/Multiracial,0.0,70.0,0.0,260749.89732790913,Heart Attack (MI),2011.5
2011-2012,Male,Mexican American,1.2547896271972514,285.0,6.0,817120.5715315455,Heart Attack (MI),2011.5
2011-2012,Male,Non-Hispanic Asian,1.8973355066731923,387.0,9.0,491168.9262051818,Heart Attack (MI),2011.5
2011-2012,Male,Non-Hispanic Black,2.543115224592335,698.0,23.0,1035312.6953628182,Heart Attack (MI),2011.5
2011-2012,Male,Non-Hispanic White,4.472026246624772,1022.0,63.0,6528091.18502891,Heart Attack (MI),2011.5
2011-2012,Male,Other Hispanic,3.046962592904742,260.0,15.0,627747.8872266363,Heart Attack (MI),2011.5
2011-2012,Male,Other/Multiracial,9.864930833811503,82.0,7.0,259389.880153,Heart Attack (MI),2011.5
2013-2014,Female,Mexican American,1.7183911147538486,389.0,8.0,914570.2089838181,Heart Attack (MI),2013.5
2013-2014,Female,Non-Hispanic Asian,0.908708951416881,346.0,3.0,605719.465568,Heart Attack (MI),2013.5
2013-2014,Female,Non-Hispanic Black,2.123058042327219,596.0,15.0,1313592.4891869999,Heart Attack (MI),2013.5
2013-2014,Female,Non-Hispanic White,2.9696048983178334,1295.0,51.0,7098868.425283727,Heart Attack (MI),2013.5
2013-2014,Female,Other Hispanic,1.388638948765818,289.0,5.0,624155.1546225455,Heart Attack (MI),2013.5
2013-2014,Female,Other/Multiracial,4.614166398231042,94.0,5.0,260317.91425809092,Heart Attack (MI),2013.5
2013-2014,Male,Mexican American,2.5432756186410104,378.0,14.0,992917.7204068182,Heart Attack (MI),2013.5
2013-2014,Male,Non-Hispanic Asian,2.6968487627395077,321.0,9.0,508903.2380640909,Heart Attack (MI),2013.5
2013-2014,Male,Non-Hispanic Black,3.3971792001476553,580.0,31.0,1067060.5692234545,Heart Attack (MI),2013.5
2013-2014,Male,Non-Hispanic White,4.9611005244033075,1175.0,82.0,6607698.469685273,Heart Attack (MI),2013.5
2013-2014,Male,Other Hispanic,0.7073323377903822,219.0,4.0,533098.7341122727,Heart Attack (MI),2013.5
2013-2014,Male,Other/Multiracial,2.8096111964488806,84.0,3.0,297862.69543872727,Heart Attack (MI),2013.5
2015-2016,Female,Mexican American,0.8425984411293354,535.0,7.0,949129.4608647272,Heart Attack (MI),2015.5
2015-2016,Female,Non-Hispanic Asian,1.119064967147735,352.0,4.0,661114.0314060908,Heart Attack (MI),2015.5
2015-2016,Female,Non-Hispanic Black,2.2633891532995847,635.0,17.0,1346574.5184635455,Heart Attack (MI),2015.5
2015-2016,Female,Non-Hispanic White,2.5391707666032297,915.0,37.0,7013951.967546999,Heart Attack (MI),2015.5
2015-2016,Female,Other Hispanic,3.0184193049592833,433.0,19.0,694516.3748038182,Heart Attack (MI),2015.5
2015-2016,Female,Other/Multiracial,7.818131396138802,97.0,6.0,396425.75548327266,Heart Attack (MI),2015.5
2015-2016,Male,Mexican American,2.3360780907244894,459.0,24.0,939863.7529671818,Heart Attack (MI),2015.5
2015-2016,Male,Non-Hispanic Asian,1.8203148088581338,338.0,6.0,578250.5053699091,Heart Attack (MI),2015.5
2015-2016,Male,Non-Hispanic Black,3.952940421457329,562.0,29.0,1072319.9920494545,Heart Attack (MI),2015.5
2015-2016,Male,Non-Hispanic White,4.892900990743365,943.0,73.0,6586825.484526,Heart Attack (MI),2015.5
2015-2016,Male,Other Hispanic,2.8357424444015398,334.0,21.0,671369.7015443635,Heart Attack (MI),2015.5
2015-2016,Male,Other/Multiracial,8.268292330530926,107.0,8.0,389786.7136965454,Heart Attack (MI),2015.5
2017-2018,Female,Mexican American,1.1220150595973333,380.0,9.0,913518.559994335,Heart Attack (MI),2017.5
2017-2018,Female,Non-Hispanic Asian,0.2734448037295357,435.0,2.0,694567.9589284855,Heart Attack (MI),2017.5
2017-2018,Female,Non-Hispanic Black,2.3948331576126325,682.0,20.0,1361495.7383206482,Heart Attack (MI),2017.5
2017-2018,Female,Non-Hispanic White,2.46610833274004,961.0,35.0,7012798.680450531,Heart Attack (MI),2017.5
2017-2018,Female,Other Hispanic,2.3733075350524073,283.0,8.0,813341.9810484387,Heart Attack (MI),2017.5
2017-2018,Female,Other/Multiracial,2.88666845576265,121.0,5.0,439799.26366869995,Heart Attack (MI),2017.5
2017-2018,Male,Mexican American,1.8477635318562298,352.0,13.0,987793.644513835,Heart Attack (MI),2017.5
2017-2018,Male,Non-Hispanic Asian,3.087049376272689,375.0,14.0,582473.3791275675,Heart Attack (MI),2017.5
2017-2018,Male,Non-Hispanic Black,3.5072154232584145,616.0,31.0,1123278.20806867,Heart Attack (MI),2017.5
2017-2018,Male,Non-Hispanic White,6.008848493294617,971.0,106.0,6485529.67529846,Heart Attack (MI),2017.5
2017-2018,Male,Other Hispanic,3.7042650273084883,234.0,12.0,702353.7123441428,Heart Attack (MI),2017.5
2017-2018,Male,Other/Multiracial,8.830842628236867,149.0,15.0,554768.9381928598,Heart Attack (MI),2017.5
2021-2022,Female,Mexican American,1.1792644731119646,281.0,3.0,753383.804129,Heart Attack (MI),2021.5
2021-2022,Female,Non-Hispanic Asian,1.646129768422421,238.0,7.0,734438.8624545455,Heart Attack (MI),2021.5
2021-2022,Female,Non-Hispanic Black,2.4163593329943525,568.0,15.0,1366210.0407287274,Heart Attack (MI),2021.5
2021-2022,Female,Non-Hispanic White,2.300033773701725,2524.0,72.0,6830407.095958455,Heart Attack (MI),2021.5
2021-2022,Female,Other Hispanic,1.7043223696760998,436.0,14.0,1116589.3474013635,Heart Attack (MI),2021.5
2021-2022,Female,Other/Multiracial,1.4296921526278568,269.0,7.0,669571.8444984545,Heart Attack (MI),2021.5
2021-2022,Male,Mexican American,0.581426699446558,263.0,4.0,833722.0043817272,Heart Attack (MI),2021.5
2021-2022,Male,Non-Hispanic Asian,1.4899950670564601,184.0,6.0,625225.4636315454,Heart Attack (MI),2021.5
2021-2022,Male,Non-Hispanic Black,4.012854427976606,426.0,21.0,1089557.6098218183,Heart Attack (MI),2021.5
2021-2022,Male,Non-Hispanic White,5.647707563576508,2023.0,147.0,6538079.454654818,Heart Attack (MI),2021.5
2021-2022,Male,Other Hispanic,3.916846224663041,341.0,20.0,1013389.3762531818,Heart Attack (MI),2021.5
2021-2022,Male,Other/Multiracial,5.142152540574239,241.0,16.0,686305.5779407272,Heart Attack (MI),2021.5
1999-2000,Female,Mexican American,1.3027509087868092,687.0,19.0,542513.9280568819,Coronary Heart Disease,1999.5
1999-2000,Female,Non-Hispanic Black,0.9062971145141895,494.0,8.0,1038230.34152991,Coronary Heart Disease,1999.5
1999-2000,Female,Non-Hispanic White,2.414438818280797,1143.0,38.0,6295317.226628635,Coronary Heart Disease,1999.5
1999-2000,Female,Other Hispanic,1.7312387780691125,180.0,3.0,804136.0688252875,Coronary Heart Disease,1999.5
1999-2000,Male,Mexican American,1.2911470530081766,587.0,21.0,564827.1031408397,Coronary Heart Disease,1999.5
1999-2000,Male,Non-Hispanic Black,2.277255942907848,409.0,18.0,841658.7337734126,Coronary Heart Disease,1999.5
1999-2000,Male,Non-Hispanic White,5.101266228094521,1055.0,84.0,5918433.038850781,Coronary Heart Disease,1999.5
1999-2000,Male,Other Hispanic,1.2247107231366976,128.0,3.0,608535.8192072094,Coronary Heart Disease,1999.5
2001-2002,Female,Mexican American,0.8338980157609359,573.0,5.0,620755.0134733636,Coronary Heart Disease,2001.5
2001-2002,Female,Non-Hispanic Black,2.1957164142774674,530.0,14.0,1104998.0833945456,Coronary Heart Disease,2001.5
2001-2002,Female,Non-Hispanic White,2.82141892796118,1510.0,63.0,6625389.61685391,Coronary Heart Disease,2001.5
2001-2002,Female,Other Hispanic,1.4830578822835079,128.0,3.0,608315.3222963637,Coronary Heart Disease,2001.5
2001-2002,Male,Mexican American,1.395547382319164,534.0,16.0,675755.9908441817,Coronary Heart Disease,2001.5
2001-2002,Male,Non-Hispanic Black,2.9916525296265872,473.0,21.0,866432.1265234546,Coronary Heart Disease,2001.5
2001-2002,Male,Non-Hispanic White,5.10093671335962,1327.0,110.0,6281943.93378291,Coronary Heart Disease,2001.5
2001-2002,Male,Other Hispanic,1.6226323646079523,107.0,2.0,472927.5677661819,Coronary Heart Disease,2001.5
2003-2004,Female,Mexican American,1.3051238223007782,500.0,16.0,682072.2551504546,Coronary Heart Disease,2003.5
2003-2004,Female,Non-Hispanic Black,1.6334468440353451,515.0,10.0,1166440.0395915455,Coronary Heart Disease,2003.5
2003-2004,Female,Non-Hispanic White,3.2217824800791846,1401.0,65.0,6984287.293459999,Coronary Heart Disease,2003.5
2003-2004,Female,Other Hispanic,0.0,81.0,0.0,358680.4024237272,Coronary Heart Disease,2003.5
2003-2004,Male,Mexican American,1.2435955823936182,477.0,17.0,761352.2200648182,Coronary Heart Disease,2003.5
2003-2004,Male,Non-Hispanic Black,2.2217073550116555,476.0,13.0,920647.6276432727,Coronary Heart Disease,2003.5
2003-2004,Male,Non-Hispanic White,6.344308252415734,1276.0,129.0,6429764.918171,Coronary Heart Disease,2003.5
2003-2004,Male,Other Hispanic,1.2294099433600063,70.0,3.0,308999.02120963635,Coronary Heart Disease,2003.5
2005-2006,Female,Mexican American,1.7075533739085604,525.0,9.0,717372.5902425455,Coronary Heart Disease,2005.5
2005-2006,Female,Non-Hispanic Black,1.7295691301154554,579.0,14.0,1203298.6787015456,Coronary Heart Disease,2005.5
2005-2006,Female,Non-Hispanic White,2.379198761782439,1274.0,37.0,7046084.754231546,Coronary Heart Disease,2005.5
2005-2006,Female,Other Hispanic,0.3586227818042637,79.0,1.0,339574.90510590904,Coronary Heart Disease,2005.5
2005-2006,Male,Mexican American,1.9357707755342273,473.0,13.0,799891.758000091,Coronary Heart Disease,2005.5
2005-2006,Male,Non-Hispanic Black,2.2435735694488694,538.0,17.0,979083.4864008181,Coronary Heart Disease,2005.5
2005-2006,Male,Non-Hispanic White,5.623396957334741,1208.0,103.0,6638240.210351091,Coronary Heart Disease,2005.5
2005-2006,Male,Other Hispanic,1.750049310354094,74.0,1.0,301378.433509091,Coronary Heart Disease,2005.5
2007-2008,Female,Mexican American,1.3619488014895236,531.0,12.0,750472.7902001818,Coronary Heart Disease,2007.5
2007-2008,Female,Non-Hispanic Black,0.7215219589761437,637.0,9.0,1224262.261815182,Coronary Heart Disease,2007.5
2007-2008,Female,Non-Hispanic White,2.0092330560216425,1363.0,48.0,7060781.645437364,Coronary Heart Disease,2007.5
2007-2008,Female,Other Hispanic,1.1574022056871465,369.0,7.0,503728.73682799994,Coronary Heart Disease,2007.5
2007-2008,Male,Mexican American,2.5304385435589616,497.0,23.0,872557.9088911817,Coronary Heart Disease,2007.5
2007-2008,Male,Non-Hispanic Black,1.9837233625617696,587.0,12.0,978943.5966017273,Coronary Heart Disease,2007.5
2007-2008,Male,Non-Hispanic White,5.54795357260685,1384.0,119.0,6479897.652495818,Coronary Heart Disease,2007.5
2007-2008,Male,Other Hispanic,2.1778403456234448,294.0,10.0,449421.40215090907,Coronary Heart Disease,2007.5
2009-2010,Female,Mexican American,1.2208095344738965,584.0,11.0,800940.0913062727,Coronary Heart Disease,2009.5
2009-2010,Female,Non-Hispanic Black,0.9088552502746172,569.0,7.0,1256349.2040729092,Coronary Heart Disease,2009.5
2009-2010,Female,Non-Hispanic White,2.2106855226571014,1516.0,48.0,6950110.671971,Coronary Heart Disease,2009.5
2009-2010,Female,Other Hispanic,0.7870612025707021,348.0,6.0,507606.0531420909,Coronary Heart Disease,2009.5
2009-2010,Male,Mexican American,1.7479209375267384,543.0,18.0,896842.3051268181,Coronary Heart Disease,2009.5
2009-2010,Male,Non-Hispanic Black,3.5289698335792625,551.0,25.0,1009117.5985503637,Coronary Heart Disease,2009.5
2009-2010,Male,Non-Hispanic White,5.481691275050223,1451.0,121.0,6544679.936632818,Coronary Heart Disease,2009.5
2009-2010,Male,Other Hispanic,1.8123895856994534,281.0,10.0,488799.0238809091,Coronary Heart Disease,2009.5
2011-2012,Female,Mexican American,1.0076928840021637,254.0,4.0,754225.4323375454,Coronary Heart Disease,2011.5
2011-2012,Female,Non-Hispanic Asian,1.0253131806800453,405.0,5.0,570664.1037168182,Coronary Heart Disease,2011.5
2011-2012,Female,Non-Hispanic Black,1.4820794122943606,755.0,15.0,1304856.0553830909,Coronary Heart Disease,2011.5
2011-2012,Female,Non-Hispanic White,2.344937899860437,1012.0,34.0,6963443.452929364,Coronary Heart Disease,2011.5
2011-2012,Female,Other Hispanic,1.639747832289777,314.0,6.0,702484.3897882728,Coronary Heart Disease,2011.5
2011-2012,Female,Other/Multiracial,4.327019823901646,70.0,4.0,260749.89732790913,Coronary Heart Disease,2011.5
2011-2012,Male,Mexican American,1.8943609779425132,283.0,7.0,813894.0460650909,Coronary Heart Disease,2011.5
2011-2012,Male,Non-Hispanic Asian,2.5581183085086874,387.0,11.0,490206.94650363637,Coronary Heart Disease,2011.5
2011-2012,Male,Non-Hispanic Black,1.9641733962657955,697.0,22.0,1034364.3449285454,Coronary Heart Disease,2011.5
2011-2012,Male,Non-Hispanic White,4.808638163032776,1020.0,72.0,6515376.182928637,Coronary Heart Disease,2011.5
2011-2012,Male,Other Hispanic,2.674583038378061,259.0,11.0,626796.9189620909,Coronary Heart Disease,2011.5
2011-2012,Male,Other/Multiracial,4.4662827932935425,82.0,5.0,259389.880153,Coronary Heart Disease,2011.5
2013-2014,Female,Mexican American,0.7624791396549178,389.0,5.0,914570.2089838181,Coronary Heart Disease,2013.5
2013-2014,Female,Non-Hispanic Asian,0.8179553999232985,346.0,3.0,605719.465568,Coronary Heart Disease,2013.5
2013-2014,Female,Non-Hispanic Black,1.9922846026157084,596.0,14.0,1315587.266637,Coronary Heart Disease,2013.5
2013-2014,Female,Non-Hispanic White,3.4994446990944574,1290.0,63.0,7083630.700549819,Coronary Heart Disease,2013.5
2013-2014,Female,Other Hispanic,1.0694670576581857,289.0,5.0,624155.1546225455,Coronary Heart Disease,2013.5
2013-2014,Female,Other/Multiracial,5.46828059339238,93.0,3.0,257820.45844936368,Coronary Heart Disease,2013.5
2013-2014,Male,Mexican American,1.8991523196916855,375.0,11.0,988279.7855955454,Coronary Heart Disease,2013.5
2013-2014,Male,Non-Hispanic Asian,3.0387684440420926,321.0,12.0,508903.2380640909,Coronary Heart Disease,2013.5
2013-2014,Male,Non-Hispanic Black,3.1539088605896604,577.0,23.0,1063294.4665169092,Coronary Heart Disease,2013.5
2013-2014,Male,Non-Hispanic White,5.602577515984127,1172.0,85.0,6594762.468030818,Coronary Heart Disease,2013.5
2013-2014,Male,Other Hispanic,2.816964191600481,219.0,8.0,533098.7341122727,Coronary Heart Disease,2013.5
2013-2014,Male,Other/Multiracial,0.0,84.0,0.0,297862.69543872727,Coronary Heart Disease,2013.5
2015-2016,Female,Mexican American,0.8236452738035759,534.0,8.0,947230.765074,Coronary Heart Disease,2015.5
2015-2016,Female,Non-Hispanic Asian,0.9338241905184498,351.0,3.0,661114.031406091,Coronary Heart Disease,2015.5
2015-2016,Female,Non-Hispanic Black,2.4258901253719336,635.0,17.0,1346574.5184635455,Coronary Heart Disease,2015.5
2015-2016,Female,Non-Hispanic White,2.8745198941604735,914.0,40.0,7007081.507157182,Coronary Heart Disease,2015.5
2015-2016,Female,Other Hispanic,1.4752132461781102,433.0,12.0,693600.9783891819,Coronary Heart Disease,2015.5
2015-2016,Female,Other/Multiracial,9.850244731131994,98.0,5.0,401074.5118134545,Coronary Heart Disease,2015.5
2015-2016,Male,Mexican American,2.2312837517232724,455.0,22.0,936393.5089853636,Coronary Heart Disease,2015.5
2015-2016,Male,Non-Hispanic Asian,2.9120977112241135,337.0,12.0,576137.5415194546,Coronary Heart Disease,2015.5
2015-2016,Male,Non-Hispanic Black,2.1715412344753258,560.0,21.0,1070347.0812926362,Coronary Heart Disease,2015.5
2015-2016,Male,Non-Hispanic White,5.118515634325987,938.0,75.0,6559754.641387001,Coronary Heart Disease,2015.5
2015-2016,Male,Other Hispanic,2.590986714538272,332.0,21.0,669825.2112455454,Coronary Heart Disease,2015.5
2015-2016,Male,Other/Multiracial,8.236836683890214,106.0,8.0,388493.39942209085,Coronary Heart Disease,2015.5
2017-2018,Female,Mexican American,1.0067394748776524,380.0,6.0,914622.5576450224,Coronary Heart Disease,2017.5
2017-2018,Female,Non-Hispanic Asian,1.3449168271035725,436.0,6.0,696246.0766227995,Coronary Heart Disease,2017.5
2017-2018,Female,Non-Hispanic Black,1.5690527756058912,680.0,14.0,1358357.841341597,Coronary Heart Disease,2017.5
2017-2018,Female,Non-Hispanic White,3.18047378559567,960.0,37.0,7010360.296462552,Coronary Heart Disease,2017.5
2017-2018,Female,Other Hispanic,1.1665405742064048,282.0,6.0,812428.4069372674,Coronary Heart Disease,2017.5
2017-2018,Female,Other/Multiracial,1.3621297671689803,122.0,3.0,449688.3845986902,Coronary Heart Disease,2017.5
2017-2018,Male,Mexican American,2.6825236704775315,353.0,15.0,990560.0098831584,Coronary Heart Disease,2017.5
2017-2018,Male,Non-Hispanic Asian,3.141130967637806,373.0,14.0,579290.379054741,Coronary Heart Disease,2017.5
2017-2018,Male,Non-Hispanic Black,1.7716986105567851,616.0,23.0,1123278.20806867,Coronary Heart Disease,2017.5
2017-2018,Male,Non-Hispanic White,7.856071481620362,968.0,123.0,6480903.801065139,Coronary Heart Disease,2017.5
2017-2018,Male,Other Hispanic,3.56378719573536,234.0,11.0,702353.7123441428,Coronary Heart Disease,2017.5
2017-2018,Male,Other/Multiracial,3.60966927358135,149.0,7.0,554677.5412354751,Coronary Heart Disease,2017.5
2021-2022,Female,Mexican American,1.1386189555166115,280.0,6.0,750447.0780358182,Coronary Heart Disease,2021.5
2021-2022,Female,Non-Hispanic Asian,1.163667744574034,237.0,5.0,734438.8624545455,Coronary Heart Disease,2021.5
2021-2022,Female,Non-Hispanic Black,1.6629751987056764,568.0,12.0,1366210.0407287274,Coronary Heart Disease,2021.5
2021-2022,Female,Non-Hispanic White,3.572271925777478,2522.0,98.0,6828448.552975182,Coronary Heart Disease,2021.5
2021-2022,Female,Other Hispanic,1.3461134492652367,435.0,12.0,1116745.6942548184,Coronary Heart Disease,2021.5
2021-2022,Female,Other/Multiracial,0.9032099814720214,268.0,7.0,669571.8444984546,Coronary Heart Disease,2021.5
2021-2022,Male,Mexican American,1.257855337594833,263.0,4.0,833722.0043817272,Coronary Heart Disease,2021.5
2021-2022,Male,Non-Hispanic Asian,3.6874469273557673,184.0,14.0,625225.4636315454,Coronary Heart Disease,2021.5
2021-2022,Male,Non-Hispanic Black,2.3113402066875204,425.0,14.0,1086521.593622,Coronary Heart Disease,2021.5
2021-2022,Male,Non-Hispanic White,7.05946910930426,2012.0,190.0,6514353.883496272,Coronary Heart Disease,2021.5
2021-2022,Male,Other Hispanic,3.2472917346069536,340.0,21.0,1013389.3762531818,Coronary Heart Disease,2021.5
2021-2022,Male,Other/Multiracial,6.717187115899249,239.0,19.0,686888.7364605456,Coronary Heart Disease,2021.5
1999-2000,Female,Mexican American,1.0143000222152325,687.0,16.0,541798.8185336108,Angina,1999.5
1999-2000,Female,Non-Hispanic Black,1.3326389303389703,494.0,11.0,1035907.1725393757,Angina,1999.5
1999-2000,Female,Non-Hispanic White,2.8965655200312996,1150.0,45.0,6327961.987045254,Angina,1999.5
1999-2000,Female,Other Hispanic,2.5120943030423026,180.0,7.0,804136.0688252875,Angina,1999.5
1999-2000,Male,Mexican American,0.9901919840814573,587.0,19.0,564226.5789711641,Angina,1999.5
1999-2000,Male,Non-Hispanic Black,1.9613151927355101,410.0,14.0,843729.5734456518,Angina,1999.5
1999-2000,Male,Non-Hispanic White,4.079792240258423,1059.0,62.0,5925671.891599251,Angina,1999.5
1999-2000,Male,Other Hispanic,1.085041566589496,127.0,3.0,606573.4949205657,Angina,1999.5
2001-2002,Female,Mexican American,1.379677736405354,570.0,10.0,619278.6887707273,Angina,2001.5
2001-2002,Female,Non-Hispanic Black,2.2808252769676063,533.0,15.0,1107904.3387215454,Angina,2001.5
2001-2002,Female,Non-Hispanic White,3.2515061148037225,1515.0,65.0,6638267.192042545,Angina,2001.5
2001-2002,Female,Other Hispanic,2.5744874043535733,128.0,4.0,608315.3222963637,Angina,2001.5
2001-2002,Male,Mexican American,1.0817603483842317,534.0,12.0,679457.8236698182,Angina,2001.5
2001-2002,Male,Non-Hispanic Black,1.4736687002413296,475.0,9.0,869462.8959679091,Angina,2001.5
2001-2002,Male,Non-Hispanic White,3.5956727273367783,1327.0,76.0,6268151.537931546,Angina,2001.5
2001-2002,Male,Other Hispanic,2.2573703235489897,109.0,3.0,476802.9951967274,Angina,2001.5
2003-2004,Female,Mexican American,2.4209294038631683,502.0,23.0,683017.429345909,Angina,2003.5
2003-2004,Female,Non-Hispanic Black,1.265262481479243,513.0,8.0,1165985.1290250907,Angina,2003.5
2003-2004,Female,Non-Hispanic White,3.14917319197464,1403.0,67.0,6981383.251154454,Angina,2003.5
2003-2004,Female,Other Hispanic,2.9228626946474705,81.0,3.0,358680.4024237272,Angina,2003.5
2003-2004,Male,Mexican American,0.349164682783073,478.0,8.0,761593.4383961819,Angina,2003.5
2003-2004,Male,Non-Hispanic Black,0.5216835420048153,476.0,5.0,920647.6276432727,Angina,2003.5
2003-2004,Male,Non-Hispanic White,4.229013992019971,1280.0,86.0,6438777.700763818,Angina,2003.5
2003-2004,Male,Other Hispanic,0.0,71.0,1.0,311767.4187901818,Angina,2003.5
2005-2006,Female,Mexican American,1.203203481241315,528.0,9.0,718882.9110966364,Angina,2005.5
2005-2006,Female,Non-Hispanic Black,2.965320492380729,579.0,18.0,1203684.9074886362,Angina,2005.5
2005-2006,Female,Non-Hispanic White,2.6387330844385155,1276.0,43.0,7052559.445578818,Angina,2005.5
2005-2006,Female,Other Hispanic,0.9610457469894018,79.0,1.0,339574.90510590904,Angina,2005.5
2005-2006,Male,Mexican American,1.4893115764884992,473.0,10.0,799891.758000091,Angina,2005.5
2005-2006,Male,Non-Hispanic Black,1.4854938228991827,540.0,11.0,982222.3537928183,Angina,2005.5
2005-2006,Male,Non-Hispanic White,3.0706296976147334,1211.0,58.0,6640084.916947818,Angina,2005.5
2005-2006,Male,Other Hispanic,1.7375679079983348,75.0,1.0,303543.31320827274,Angina,2005.5
2007-2008,Female,Mexican American,0.780734786867508,530.0,7.0,749696.8283420908,Angina,2007.5
2007-2008,Female,Non-Hispanic Black,1.5152442461559608,637.0,13.0,1222166.1047822728,Angina,2007.5
2007-2008,Female,Non-Hispanic White,1.9384382824965276,1363.0,41.0,7057049.437639454,Angina,2007.5
2007-2008,Female,Other Hispanic,1.9144331995266104,369.0,11.0,503715.2257874545,Angina,2007.5
2007-2008,Male,Mexican American,1.6417442716787116,498.0,13.0,873873.5444169999,Angina,2007.5
2007-2008,Male,Non-Hispanic Black,0.7064001528975246,587.0,5.0,977508.7379484545,Angina,2007.5
2007-2008,Male,Non-Hispanic White,2.560526858221893,1390.0,59.0,6493079.104278183,Angina,2007.5
2007-2008,Male,Other Hispanic,1.2629194469629734,293.0,6.0,447953.20486590907,Angina,2007.5
2009-2010,Female,Mexican American,1.5795719338376484,586.0,12.0,804102.5607060001,Angina,2009.5
2009-2010,Female,Non-Hispanic Black,1.9982249971662556,568.0,14.0,1254883.3674666362,Angina,2009.5
2009-2010,Female,Non-Hispanic White,1.6333334130964554,1518.0,32.0,6958809.737687182,Angina,2009.5
2009-2010,Female,Other Hispanic,0.856950407446251,349.0,5.0,509354.33492145455,Angina,2009.5
2009-2010,Male,Mexican American,1.3443760712331956,545.0,11.0,900351.7038466363,Angina,2009.5
2009-2010,Male,Non-Hispanic Black,1.34429442180234,551.0,9.0,1007876.410756,Angina,2009.5
2009-2010,Male,Non-Hispanic White,2.647947519304799,1453.0,60.0,6552731.818663636,Angina,2009.5
2009-2010,Male,Other Hispanic,1.533730088070191,283.0,6.0,491652.9304257273,Angina,2009.5
2011-2012,Female,Mexican American,1.4949803137114976,255.0,5.0,755787.1404974544,Angina,2011.5
2011-2012,Female,Non-Hispanic Asian,0.38263730898451065,404.0,3.0,569027.8915837272,Angina,2011.5
2011-2012,Female,Non-Hispanic Black,2.0523083110164353,755.0,17.0,1304866.2401069999,Angina,2011.5
2011-2012,Female,Non-Hispanic White,2.679769658677727,1015.0,37.0,6991494.120899091,Angina,2011.5
2011-2012,Female,Other Hispanic,1.0119558446412704,313.0,4.0,699976.3217536364,Angina,2011.5
2011-2012,Female,Other/Multiracial,0.0,70.0,0.0,260749.89732790913,Angina,2011.5
2011-2012,Male,Mexican American,0.581629494774081,284.0,4.0,815300.1307639091,Angina,2011.5
2011-2012,Male,Non-Hispanic Asian,1.1668518270984407,385.0,7.0,489289.63506381813,Angina,2011.5
2011-2012,Male,Non-Hispanic Black,0.9842586470652385,698.0,10.0,1035312.6953628182,Angina,2011.5
2011-2012,Male,Non-Hispanic White,2.882638466947316,1021.0,31.0,6528219.996841818,Angina,2011.5
2011-2012,Male,Other Hispanic,1.9107918859246855,259.0,9.0,624179.721589909,Angina,2011.5
2011-2012,Male,Other/Multiracial,1.694112357270772,82.0,2.0,259389.880153,Angina,2011.5
2013-2014,Female,Mexican American,0.9926062655450482,389.0,5.0,914570.2089838181,Angina,2013.5
2013-2014,Female,Non-Hispanic Asian,0.9321688071580086,346.0,3.0,605719.465568,Angina,2013.5
2013-2014,Female,Non-Hispanic Black,1.06247058608359,594.0,8.0,1309692.3795853637,Angina,2013.5
2013-2014,Female,Non-Hispanic White,2.023314566897268,1294.0,37.0,7098868.425283727,Angina,2013.5
2013-2014,Female,Other Hispanic,1.3845739769550425,289.0,5.0,624155.1546225455,Angina,2013.5
2013-2014,Female,Other/Multiracial,1.4760826912690796,94.0,1.0,260317.91425809092,Angina,2013.5
2013-2014,Male,Mexican American,0.9183966705318674,376.0,7.0,986671.7638099999,Angina,2013.5
2013-2014,Male,Non-Hispanic Asian,1.4071054108196765,321.0,5.0,508903.2380640909,Angina,2013.5
2013-2014,Male,Non-Hispanic Black,1.1146624866542847,579.0,7.0,1066139.4527705454,Angina,2013.5
2013-2014,Male,Non-Hispanic White,3.3348617686746946,1176.0,51.0,6610941.315359818,Angina,2013.5
2013-2014,Male,Other Hispanic,1.7602487136388667,219.0,7.0,533098.7341122727,Angina,2013.5
2013-2014,Male,Other/Multiracial,0.0,84.0,0.0,297862.69543872727,Angina,2013.5
2015-2016,Female,Mexican American,0.8903596795170731,536.0,8.0,950157.716062,Angina,2015.5
2015-2016,Female,Non-Hispanic Asian,0.574111830719566,350.0,2.0,656953.1711586365,Angina,2015.5
2015-2016,Female,Non-Hispanic Black,1.8583186342906008,634.0,12.0,1345241.279708909,Angina,2015.5
2015-2016,Female,Non-Hispanic White,2.2403670420771866,914.0,26.0,7010422.892788727,Angina,2015.5
2015-2016,Female,Other Hispanic,1.1881106085889077,430.0,8.0,690964.021043091,Angina,2015.5
2015-2016,Female,Other/Multiracial,3.7400333231878937,98.0,5.0,401074.5118134545,Angina,2015.5
2015-2016,Male,Mexican American,0.5994391667861615,458.0,6.0,937626.5083437273,Angina,2015.5
2015-2016,Male,Non-Hispanic Asian,0.6225323205653562,337.0,3.0,576272.0184283636,Angina,2015.5
2015-2016,Male,Non-Hispanic Black,1.961636817472159,563.0,14.0,1074082.4539471818,Angina,2015.5
2015-2016,Male,Non-Hispanic White,2.596590841606565,943.0,37.0,6588189.994429636,Angina,2015.5
2015-2016,Male,Other Hispanic,1.5179073522260271,332.0,9.0,669234.653462091,Angina,2015.5
2015-2016,Male,Other/Multiracial,2.8510917641918203,106.0,3.0,386924.0992586363,Angina,2015.5
2017-2018,Female,Mexican American,1.0706826836278127,380.0,8.0,914622.5576450224,Angina,2017.5
2017-2018,Female,Non-Hispanic Asian,0.7174614191300561,434.0,3.0,694138.4016264947,Angina,2017.5
2017-2018,Female,Non-Hispanic Black,1.4397636677657029,680.0,12.0,1359743.416563678,Angina,2017.5
2017-2018,Female,Non-Hispanic White,2.3798254154675544,960.0,35.0,7009188.372802174,Angina,2017.5
2017-2018,Female,Other Hispanic,1.3165820490376032,283.0,6.0,813341.9810484387,Angina,2017.5
2017-2018,Female,Other/Multiracial,1.7421054650417884,120.0,6.0,444961.5134578943,Angina,2017.5
2017-2018,Male,Mexican American,0.9104050479259109,351.0,7.0,983908.6962921303,Angina,2017.5
2017-2018,Male,Non-Hispanic Asian,1.5238143012460432,370.0,8.0,573470.6539131982,Angina,2017.5
2017-2018,Male,Non-Hispanic Black,0.6940067422044843,611.0,7.0,1117681.8801537133,Angina,2017.5
2017-2018,Male,Non-Hispanic White,4.330561569784399,966.0,54.0,6473502.992385155,Angina,2017.5
2017-2018,Male,Other Hispanic,1.664191301107884,234.0,9.0,702353.7123441428,Angina,2017.5
2017-2018,Male,Other/Multiracial,6.48738143963799,150.0,6.0,556623.1589736856,Angina,2017.5
2021-2022,Female,Mexican American,0.5120660294954428,282.0,3.0,754509.2337528182,Angina,2021.5
2021-2022,Female,Non-Hispanic Asian,0.0,238.0,1.0,734438.8624545455,Angina,2021.5
2021-2022,Female,Non-Hispanic Black,0.6521661967696681,567.0,6.0,1363156.1765917274,Angina,2021.5
2021-2022,Female,Non-Hispanic White,1.7584868290395468,2522.0,58.0,6834381.124801545,Angina,2021.5
2021-2022,Female,Other Hispanic,1.6457251882585466,437.0,12.0,1117837.787835,Angina,2021.5
2021-2022,Female,Other/Multiracial,1.168798033594446,268.0,5.0,669571.8444984546,Angina,2021.5
2021-2022,Male,Mexican American,1.8694740389038795,263.0,6.0,833722.0043817272,Angina,2021.5
2021-2022,Male,Non-Hispanic Asian,0.7629084523763922,184.0,4.0,625225.4636315454,Angina,2021.5
2021-2022,Male,Non-Hispanic Black,0.6667595770033155,426.0,4.0,1088179.8459117273,Angina,2021.5
2021-2022,Male,Non-Hispanic White,2.2808476302270866,2014.0,62.0,6512670.933653637,Angina,2021.5
2021-2022,Male,Other Hispanic,1.777267128829748,339.0,14.0,996307.3192412728,Angina,2021.5
2021-2022,Male,Other/Multiracial,3.3162085036831948,243.0,6.0,691799.9487632727,Angina,2021.5
1999-2000,Female,Mexican American,1.0992524616536608,692.0,20.0,543857.2870284433,Stroke,1999.5
1999-2000,Female,Non-Hispanic Black,2.630560699873756,499.0,23.0,1043298.980791043,Stroke,1999.5
1999-2000,Female,Non-Hispanic White,2.7043659301987684,1151.0,44.0,6334402.9722568,Stroke,1999.5
1999-2000,Female,Other Hispanic,1.971673041895529,180.0,3.0,804136.0688252875,Stroke,1999.5
1999-2000,Male,Mexican American,1.3454463909977878,590.0,26.0,565008.3177272717,Stroke,1999.5
1999-2000,Male,Non-Hispanic Black,2.5172410157843483,411.0,22.0,844637.6316950077,Stroke,1999.5
1999-2000,Male,Non-Hispanic White,2.1098744081579714,1060.0,44.0,5925672.176360732,Stroke,1999.5
1999-2000,Male,Other Hispanic,1.4414209693987992,130.0,4.0,612204.8927695141,Stroke,1999.5
2001-2002,Female,Mexican American,0.7529593489350661,573.0,10.0,621232.5492710001,Stroke,2001.5
2001-2002,Female,Non-Hispanic Black,3.562849797563331,535.0,23.0,1113044.8563709091,Stroke,2001.5
2001-2002,Female,Non-Hispanic White,2.4445424973381233,1521.0,59.0,6646682.374235637,Stroke,2001.5
2001-2002,Female,Other Hispanic,1.855373222279356,128.0,3.0,608315.3222963637,Stroke,2001.5
2001-2002,Male,Mexican American,0.7497020883577153,539.0,13.0,681490.8165614546,Stroke,2001.5
2001-2002,Male,Non-Hispanic Black,3.1121073594313367,477.0,20.0,871241.7162489091,Stroke,2001.5
2001-2002,Male,Non-Hispanic White,2.1639961114671618,1330.0,67.0,6294843.296259182,Stroke,2001.5
2001-2002,Male,Other Hispanic,2.762630331521773,109.0,3.0,476802.9951967274,Stroke,2001.5
2003-2004,Female,Mexican American,1.560286066714106,501.0,12.0,682670.8381562727,Stroke,2003.5
2003-2004,Female,Non-Hispanic Black,3.991351501344264,518.0,23.0,1173418.6426360907,Stroke,2003.5
2003-2004,Female,Non-Hispanic White,3.257833689145739,1404.0,68.0,6995859.487316364,Stroke,2003.5
2003-2004,Female,Other Hispanic,0.0,81.0,0.0,358680.4024237272,Stroke,2003.5
2003-2004,Male,Mexican American,1.6090404828089822,481.0,22.0,762862.8740916364,Stroke,2003.5
2003-2004,Male,Non-Hispanic Black,2.8827502347087814,476.0,20.0,920647.6276432727,Stroke,2003.5
2003-2004,Male,Non-Hispanic White,2.421078688974801,1281.0,56.0,6446238.712738091,Stroke,2003.5
2003-2004,Male,Other Hispanic,0.0,71.0,1.0,311767.4187901818,Stroke,2003.5
2005-2006,Female,Mexican American,2.551886016779819,529.0,13.0,720684.7740981819,Stroke,2005.5
2005-2006,Female,Non-Hispanic Black,3.6355528006396733,581.0,24.0,1208898.2891803638,Stroke,2005.5
2005-2006,Female,Non-Hispanic White,3.7082578159697945,1277.0,59.0,7061023.118982182,Stroke,2005.5
2005-2006,Female,Other Hispanic,0.3586227818042637,79.0,1.0,339574.90510590904,Stroke,2005.5
2005-2006,Male,Mexican American,0.9187792114607992,472.0,9.0,800543.0273005455,Stroke,2005.5
2005-2006,Male,Non-Hispanic Black,2.9888499235271144,541.0,23.0,983743.5404747273,Stroke,2005.5
2005-2006,Male,Non-Hispanic White,2.3986218968913096,1212.0,57.0,6643973.310432,Stroke,2005.5
2005-2006,Male,Other Hispanic,2.3557687698256498,75.0,2.0,303543.31320827274,Stroke,2005.5
2007-2008,Female,Mexican American,1.2266020923736527,532.0,11.0,751961.6558608182,Stroke,2007.5
2007-2008,Female,Non-Hispanic Black,4.443349759493125,639.0,37.0,1225480.4776044546,Stroke,2007.5
2007-2008,Female,Non-Hispanic White,4.046446538035473,1360.0,79.0,7044462.472678546,Stroke,2007.5
2007-2008,Female,Other Hispanic,1.6999840916807556,369.0,8.0,504284.6178570909,Stroke,2007.5
2007-2008,Male,Mexican American,0.9795282839211039,499.0,8.0,876066.3700577272,Stroke,2007.5
2007-2008,Male,Non-Hispanic Black,4.3994104336673026,588.0,36.0,979866.2669292728,Stroke,2007.5
2007-2008,Male,Non-Hispanic White,2.7073097870126617,1388.0,66.0,6472501.917964546,Stroke,2007.5
2007-2008,Male,Other Hispanic,1.2300910296922265,296.0,7.0,451760.90737472725,Stroke,2007.5
2009-2010,Female,Mexican American,0.7850446960908086,588.0,10.0,807517.088219091,Stroke,2009.5
2009-2010,Female,Non-Hispanic Black,4.398077807367085,569.0,29.0,1256349.2040729092,Stroke,2009.5
2009-2010,Female,Non-Hispanic White,2.7331498012447595,1520.0,59.0,6964075.108524818,Stroke,2009.5
2009-2010,Female,Other Hispanic,1.0470410039533409,348.0,6.0,508651.36877772736,Stroke,2009.5
2009-2010,Male,Mexican American,1.8467207999296207,548.0,14.0,901912.6192368182,Stroke,2009.5
2009-2010,Male,Non-Hispanic Black,3.072697343187294,551.0,23.0,1008619.8303373636,Stroke,2009.5
2009-2010,Male,Non-Hispanic White,2.642205404636118,1456.0,64.0,6561644.318756455,Stroke,2009.5
2009-2010,Male,Other Hispanic,1.8124995253556877,283.0,9.0,491652.9304257273,Stroke,2009.5
2011-2012,Female,Mexican American,2.1673711542932996,255.0,8.0,755787.1404974544,Stroke,2011.5
2011-2012,Female,Non-Hispanic Asian,2.322532410276388,405.0,11.0,570664.1037168182,Stroke,2011.5
2011-2012,Female,Non-Hispanic Black,4.719245769619769,757.0,39.0,1306117.8489884546,Stroke,2011.5
2011-2012,Female,Non-Hispanic White,3.1407774387541076,1015.0,47.0,6989297.620145546,Stroke,2011.5
2011-2012,Female,Other Hispanic,2.040593363152093,316.0,10.0,705493.8594802727,Stroke,2011.5
2011-2012,Female,Other/Multiracial,2.13561465079691,70.0,3.0,260749.89732790913,Stroke,2011.5
2011-2012,Male,Mexican American,2.6486291866971294,285.0,11.0,817120.5715315455,Stroke,2011.5
2011-2012,Male,Non-Hispanic Asian,0.9072641690566677,388.0,4.0,491168.9262051818,Stroke,2011.5
2011-2012,Male,Non-Hispanic Black,4.296814901436957,698.0,41.0,1035312.6953628182,Stroke,2011.5
2011-2012,Male,Non-Hispanic White,2.3488514099187556,1024.0,46.0,6531756.5890926365,Stroke,2011.5
2011-2012,Male,Other Hispanic,1.3902590023567687,260.0,4.0,627747.8872266363,Stroke,2011.5
2011-2012,Male,Other/Multiracial,11.76429509295242,82.0,5.0,259389.880153,Stroke,2011.5
2013-2014,Female,Mexican American,1.798140724719262,388.0,10.0,913664.0580039091,Stroke,2013.5
2013-2014,Female,Non-Hispanic Asian,2.336776129268751,346.0,8.0,605719.465568,Stroke,2013.5
2013-2014,Female,Non-Hispanic Black,3.0141565047844097,597.0,23.0,1315587.266637,Stroke,2013.5
2013-2014,Female,Non-Hispanic White,3.6417108405699894,1294.0,59.0,7096939.616563272,Stroke,2013.5
2013-2014,Female,Other Hispanic,2.1552483158175617,289.0,10.0,624155.1546225455,Stroke,2013.5
2013-2014,Female,Other/Multiracial,6.515830692906855,94.0,4.0,260317.91425809092,Stroke,2013.5
2013-2014,Male,Mexican American,1.2796850110253701,377.0,7.0,989604.9236961817,Stroke,2013.5
2013-2014,Male,Non-Hispanic Asian,0.7273040395455386,321.0,3.0,508903.2380640909,Stroke,2013.5
2013-2014,Male,Non-Hispanic Black,2.7628975867023584,580.0,25.0,1067060.5692234545,Stroke,2013.5
2013-2014,Male,Non-Hispanic White,2.8890830959381932,1176.0,49.0,6610941.315359818,Stroke,2013.5
2013-2014,Male,Other Hispanic,0.4278361726563925,218.0,2.0,532098.0048278181,Stroke,2013.5
2013-2014,Male,Other/Multiracial,1.5144164483057372,84.0,2.0,297862.69543872727,Stroke,2013.5
2015-2016,Female,Mexican American,1.458362945121856,534.0,11.0,948174.285998909,Stroke,2015.5
2015-2016,Female,Non-Hispanic Asian,0.8114719747086957,352.0,3.0,661114.0314060908,Stroke,2015.5
2015-2016,Female,Non-Hispanic Black,4.426225870576039,635.0,28.0,1346574.5184635455,Stroke,2015.5
2015-2016,Female,Non-Hispanic White,2.430935462150628,916.0,37.0,7016993.210955455,Stroke,2015.5
2015-2016,Female,Other Hispanic,2.0156925678808917,434.0,13.0,694516.3748038182,Stroke,2015.5
2015-2016,Female,Other/Multiracial,4.356281529606986,98.0,5.0,401074.5118134545,Stroke,2015.5
2015-2016,Male,Mexican American,1.9039073956738524,459.0,17.0,939863.7529671818,Stroke,2015.5
2015-2016,Male,Non-Hispanic Asian,1.2533542345977011,338.0,4.0,578250.5053699091,Stroke,2015.5
2015-2016,Male,Non-Hispanic Black,2.966436932302736,563.0,25.0,1074082.4539471818,Stroke,2015.5
2015-2016,Male,Non-Hispanic White,2.8776486603793696,944.0,48.0,6582501.0886659995,Stroke,2015.5
2015-2016,Male,Other Hispanic,2.099079425760751,334.0,11.0,671369.7015443635,Stroke,2015.5
2015-2016,Male,Other/Multiracial,9.66047415189656,107.0,7.0,389786.7136965454,Stroke,2015.5
2017-2018,Female,Mexican American,1.2174743414904807,381.0,7.0,915174.7494035175,Stroke,2017.5
2017-2018,Female,Non-Hispanic Asian,1.115147757533524,435.0,6.0,695015.8370453104,Stroke,2017.5
2017-2018,Female,Non-Hispanic Black,5.409110110981704,682.0,46.0,1361495.7383206482,Stroke,2017.5
2017-2018,Female,Non-Hispanic White,4.106943878885512,960.0,62.0,7004947.130986267,Stroke,2017.5
2017-2018,Female,Other Hispanic,1.3540298706905072,283.0,5.0,813341.9810484387,Stroke,2017.5
2017-2018,Female,Other/Multiracial,6.523570854966743,122.0,11.0,449688.3845986902,Stroke,2017.5
2017-2018,Male,Mexican American,1.621269914554079,353.0,9.0,988450.8288264873,Stroke,2017.5
2017-2018,Male,Non-Hispanic Asian,1.288871159065106,375.0,6.0,582473.3791275675,Stroke,2017.5
2017-2018,Male,Non-Hispanic Black,4.829273368122421,615.0,44.0,1122576.224729837,Stroke,2017.5
2017-2018,Male,Non-Hispanic White,2.774588580638109,969.0,58.0,6481687.39412415,Stroke,2017.5
2017-2018,Male,Other Hispanic,2.007033060668008,233.0,8.0,697571.7770303048,Stroke,2017.5
2017-2018,Male,Other/Multiracial,4.516310489449281,151.0,11.0,557971.0224519926,Stroke,2017.5
2021-2022,Female,Mexican American,2.9332741251421277,281.0,11.0,752447.358171,Stroke,2021.5
2021-2022,Female,Non-Hispanic Asian,0.808831247667413,237.0,8.0,734438.8624545455,Stroke,2021.5
2021-2022,Female,Non-Hispanic Black,4.651132167462029,567.0,29.0,1365076.5645285454,Stroke,2021.5
2021-2022,Female,Non-Hispanic White,3.042044630647499,2523.0,103.0,6838087.594876364,Stroke,2021.5
2021-2022,Female,Other Hispanic,3.9391601372212737,435.0,22.0,1114450.3803259092,Stroke,2021.5
2021-2022,Female,Other/Multiracial,4.517213866153727,269.0,16.0,669571.8444984545,Stroke,2021.5
2021-2022,Male,Mexican American,1.0489390441174906,262.0,5.0,831690.3238317273,Stroke,2021.5
2021-2022,Male,Non-Hispanic Asian,3.5812657147578424,181.0,10.0,621793.7593013636,Stroke,2021.5
2021-2022,Male,Non-Hispanic Black,4.434548018927434,424.0,28.0,1087899.357532091,Stroke,2021.5
2021-2022,Male,Non-Hispanic White,4.2385826375228595,2023.0,108.0,6537354.981858091,Stroke,2021.5
2021-2022,Male,Other Hispanic,3.841066130672168,341.0,15.0,1013389.3762531818,Stroke,2021.5
2021-2022,Male,Other/Multiracial,3.3178401052221203,242.0,12.0,689869.1337687273,Stroke,2021.5
1999-2000,Female,Mexican American,3.2158083462445215,692.0,54.0,543857.2870284433,Any CVD,1999.5
1999-2000,Female,Non-Hispanic Black,6.124822663748364,499.0,52.0,1043298.980791043,Any CVD,1999.5
1999-2000,Female,Non-Hispanic White,7.682870264751949,1153.0,121.0,6336540.801069161,Any CVD,1999.5
1999-2000,Female,Other Hispanic,5.993384907549888,180.0,13.0,804136.0688252875,Any CVD,1999.5
1999-2000,Male,Mexican American,4.265814325673885,590.0,70.0,565008.3177272717,Any CVD,1999.5
1999-2000,Male,Non-Hispanic Black,7.055119849093084,411.0,50.0,844637.6316950077,Any CVD,1999.5
1999-2000,Male,Non-Hispanic White,10.571505445389228,1061.0,177.0,5929354.467869884,Any CVD,1999.5
1999-2000,Male,Other Hispanic,5.250285880819934,130.0,11.0,612204.8927695141,Any CVD,1999.5
2001-2002,Female,Mexican American,3.2914981426834475,574.0,29.0,621232.549271,Any CVD,2001.5
2001-2002,Female,Non-Hispanic Black,10.700344978544855,535.0,70.0,1113044.8563709091,Any CVD,2001.5
2001-2002,Female,Non-Hispanic White,7.32121305542241,1522.0,170.0,6653236.424902636,Any CVD,2001.5
2001-2002,Female,Other Hispanic,4.0575452866370805,128.0,8.0,608315.3222963637,Any CVD,2001.5
2001-2002,Male,Mexican American,3.8373736097421367,539.0,45.0,681490.8165614546,Any CVD,2001.5
2001-2002,Male,Non-Hispanic Black,7.693992723686114,477.0,50.0,871241.7162489091,Any CVD,2001.5
2001-2002,Male,Non-Hispanic White,9.889980159906044,1336.0,243.0,6307109.214253455,Any CVD,2001.5
2001-2002,Male,Other Hispanic,4.579019657277377,109.0,8.0,476802.9951967274,Any CVD,2001.5
2003-2004,Female,Mexican American,5.66503120012277,503.0,49.0,683422.0117105455,Any CVD,2003.5
2003-2004,Female,Non-Hispanic Black,9.502287272795433,518.0,56.0,1173418.6426360907,Any CVD,2003.5
2003-2004,Female,Non-Hispanic White,10.004158131973885,1407.0,207.0,7000240.486505364,Any CVD,2003.5
2003-2004,Female,Other Hispanic,2.9228626946474705,81.0,3.0,358680.4024237272,Any CVD,2003.5
2003-2004,Male,Mexican American,3.4449809141675987,481.0,52.0,762862.8740916364,Any CVD,2003.5
2003-2004,Male,Non-Hispanic Black,6.430606921091273,476.0,41.0,920647.6276432727,Any CVD,2003.5
2003-2004,Male,Non-Hispanic White,11.604810176026943,1282.0,247.0,6446238.712738091,Any CVD,2003.5
2003-2004,Male,Other Hispanic,2.1064620214858176,71.0,4.0,311767.4187901818,Any CVD,2003.5
2005-2006,Female,Mexican American,5.37522633248638,529.0,29.0,720684.7740981819,Any CVD,2005.5
2005-2006,Female,Non-Hispanic Black,10.153454260531225,581.0,68.0,1208898.2891803638,Any CVD,2005.5
2005-2006,Female,Non-Hispanic White,9.015940919415284,1279.0,143.0,7065061.448573,Any CVD,2005.5
2005-2006,Female,Other Hispanic,2.612350441517893,79.0,3.0,339574.90510590904,Any CVD,2005.5
2005-2006,Male,Mexican American,4.235655280562701,474.0,33.0,800935.142942091,Any CVD,2005.5
2005-2006,Male,Non-Hispanic Black,9.057594187729253,542.0,68.0,984558.1130863635,Any CVD,2005.5
2005-2006,Male,Non-Hispanic White,10.264584635071767,1216.0,200.0,6660289.044944364,Any CVD,2005.5
2005-2006,Male,Other Hispanic,4.093336677823985,75.0,3.0,303543.31320827274,Any CVD,2005.5
2007-2008,Female,Mexican American,3.750665522914553,532.0,34.0,751961.6558608182,Any CVD,2007.5
2007-2008,Female,Non-Hispanic Black,9.063505346062854,639.0,80.0,1225480.4776044546,Any CVD,2007.5
2007-2008,Female,Non-Hispanic White,8.197663579612259,1366.0,173.0,7069013.033277092,Any CVD,2007.5
2007-2008,Female,Other Hispanic,4.69461576092693,370.0,24.0,504784.7309572727,Any CVD,2007.5
2007-2008,Male,Mexican American,4.672715253175976,501.0,38.0,880511.8630784545,Any CVD,2007.5
2007-2008,Male,Non-Hispanic Black,10.43330605135593,588.0,78.0,979866.2669292728,Any CVD,2007.5
2007-2008,Male,Non-Hispanic White,10.241763457700534,1395.0,241.0,6501170.432620909,Any CVD,2007.5
2007-2008,Male,Other Hispanic,5.394902950684892,296.0,27.0,451760.90737472725,Any CVD,2007.5
2009-2010,Female,Mexican American,4.19502185332083,589.0,40.0,807517.088219091,Any CVD,2009.5
2009-2010,Female,Non-Hispanic Black,8.456750586947457,569.0,59.0,1256349.2040729092,Any CVD,2009.5
2009-2010,Female,Non-Hispanic White,6.899891527305177,1520.0,139.0,6964075.108524818,Any CVD,2009.5
2009-2010,Female,Other Hispanic,3.569408972490271,349.0,21.0,509354.33492145455,Any CVD,2009.5
2009-2010,Male,Mexican American,5.5925884552700404,551.0,44.0,903567.7968111818,Any CVD,2009.5
2009-2010,Male,Non-Hispanic Black,8.767352328320966,553.0,64.0,1011698.4583322727,Any CVD,2009.5
2009-2010,Male,Non-Hispanic White,10.97146504789905,1456.0,247.0,6561644.318756455,Any CVD,2009.5
2009-2010,Male,Other Hispanic,5.463053559091428,283.0,26.0,491652.9304257273,Any CVD,2009.5
2011-2012,Female,Mexican American,5.4655394962002575,255.0,19.0,755787.1404974544,Any CVD,2011.5
2011-2012,Female,Non-Hispanic Asian,3.387177106114416,405.0,17.0,570664.1037168182,Any CVD,2011.5
2011-2012,Female,Non-Hispanic Black,10.618108238878756,757.0,91.0,1306117.8489884546,Any CVD,2011.5
2011-2012,Female,Non-Hispanic White,8.299978669917829,1016.0,124.0,6995220.508606909,Any CVD,2011.5
2011-2012,Female,Other Hispanic,5.912662876741626,316.0,25.0,705493.8594802727,Any CVD,2011.5
2011-2012,Female,Other/Multiracial,9.019109849113406,70.0,7.0,260749.89732790913,Any CVD,2011.5
2011-2012,Male,Mexican American,5.544209223259171,285.0,22.0,817120.5715315455,Any CVD,2011.5
2011-2012,Male,Non-Hispanic Asian,4.813190077156068,388.0,22.0,491168.9262051818,Any CVD,2011.5
2011-2012,Male,Non-Hispanic Black,8.154758353979437,698.0,76.0,1035312.6953628182,Any CVD,2011.5
2011-2012,Male,Non-Hispanic White,10.185162048673595,1025.0,142.0,6531756.5890926365,Any CVD,2011.5
2011-2012,Male,Other Hispanic,6.435175640199161,262.0,25.0,629876.1557179091,Any CVD,2011.5
2011-2012,Male,Other/Multiracial,20.19702516659072,82.0,11.0,259389.880153,Any CVD,2011.5
2013-2014,Female,Mexican American,4.706739705032094,389.0,24.0,914570.2089838181,Any CVD,2013.5
2013-2014,Female,Non-Hispanic Asian,4.96082813219704,346.0,17.0,605719.465568,Any CVD,2013.5
2013-2014,Female,Non-Hispanic Black,8.06537934538215,597.0,56.0,1315587.266637,Any CVD,2013.5
2013-2014,Female,Non-Hispanic White,8.886708728573618,1296.0,148.0,7100828.989798909,Any CVD,2013.5
2013-2014,Female,Other Hispanic,5.422867025109216,289.0,21.0,624155.1546225455,Any CVD,2013.5
2013-2014,Female,Other/Multiracial,10.145023504430771,94.0,9.0,260317.91425809092,Any CVD,2013.5
2013-2014,Male,Mexican American,5.098733510785417,378.0,30.0,992917.7204068182,Any CVD,2013.5
2013-2014,Male,Non-Hispanic Asian,5.303613844163535,321.0,19.0,508903.2380640909,Any CVD,2013.5
2013-2014,Male,Non-Hispanic Black,8.741387890437009,580.0,72.0,1067060.5692234545,Any CVD,2013.5
2013-2014,Male,Non-Hispanic White,11.200774886761513,1176.0,177.0,6610941.315359818,Any CVD,2013.5
2013-2014,Male,Other Hispanic,5.04096335189203,219.0,17.0,533098.7341122727,Any CVD,2013.5
2013-2014,Male,Other/Multiracial,4.324027644754617,84.0,5.0,297862.69543872727,Any CVD,2013.5
2015-2016,Female,Mexican American,3.2515806030078656,536.0,27.0,950157.716062,Any CVD,2015.5
2015-2016,Female,Non-Hispanic Asian,3.103641345406024,352.0,11.0,661114.0314060908,Any CVD,2015.5
2015-2016,Female,Non-Hispanic Black,10.283358724091803,635.0,72.0,1346574.5184635455,Any CVD,2015.5
2015-2016,Female,Non-Hispanic White,7.563829605303191,917.0,100.0,7016993.210955454,Any CVD,2015.5
2015-2016,Female,Other Hispanic,6.906225808584313,434.0,44.0,694516.3748038182,Any CVD,2015.5
2015-2016,Female,Other/Multiracial,15.578888766971216,98.0,14.0,401074.5118134545,Any CVD,2015.5
2015-2016,Male,Mexican American,4.92380847613592,459.0,45.0,939863.7529671818,Any CVD,2015.5
2015-2016,Male,Non-Hispanic Asian,5.111099870006392,338.0,20.0,578250.5053699091,Any CVD,2015.5
2015-2016,Male,Non-Hispanic Black,9.546897562530805,563.0,77.0,1074082.4539471818,Any CVD,2015.5
2015-2016,Male,Non-Hispanic White,10.687731462018549,946.0,167.0,6595069.781447273,Any CVD,2015.5
2015-2016,Male,Other Hispanic,6.462500980067661,334.0,41.0,671369.7015443635,Any CVD,2015.5
2015-2016,Male,Other/Multiracial,21.07069261462215,107.0,17.0,389786.7136965454,Any CVD,2015.5
2017-2018,Female,Mexican American,3.6635413152401513,381.0,23.0,915174.7494035175,Any CVD,2017.5
2017-2018,Female,Non-Hispanic Asian,3.4727974285012224,436.0,17.0,696246.0766227995,Any CVD,2017.5
2017-2018,Female,Non-Hispanic Black,8.890390811818495,682.0,74.0,1361495.7383206482,Any CVD,2017.5
2017-2018,Female,Non-Hispanic White,9.095435746076562,963.0,133.0,7021013.884960959,Any CVD,2017.5
2017-2018,Female,Other Hispanic,5.097746461846461,283.0,20.0,813341.9810484387,Any CVD,2017.5
2017-2018,Female,Other/Multiracial,9.249510633154975,122.0,18.0,449688.3845986902,Any CVD,2017.5
2017-2018,Male,Mexican American,5.220465622819905,354.0,30.0,992207.7480342021,Any CVD,2017.5
2017-2018,Male,Non-Hispanic Asian,6.239264251328132,375.0,27.0,582473.3791275675,Any CVD,2017.5
2017-2018,Male,Non-Hispanic Black,9.760779171463765,616.0,88.0,1123278.20806867,Any CVD,2017.5
2017-2018,Male,Non-Hispanic White,12.784047406890647,972.0,213.0,6488167.740427453,Any CVD,2017.5
2017-2018,Male,Other Hispanic,6.878491312059979,234.0,25.0,702353.7123441428,Any CVD,2017.5
2017-2018,Male,Other/Multiracial,16.781546891828846,151.0,23.0,557971.0224519926,Any CVD,2017.5
2021-2022,Female,Mexican American,6.5481417488107,282.0,21.0,754509.2337528182,Any CVD,2021.5
2021-2022,Female,Non-Hispanic Asian,3.817096659883165,238.0,20.0,734438.8624545455,Any CVD,2021.5
2021-2022,Female,Non-Hispanic Black,8.835274280990728,568.0,60.0,1366210.0407287274,Any CVD,2021.5
2021-2022,Female,Non-Hispanic White,8.99194964926619,2527.0,282.0,6838087.594876364,Any CVD,2021.5
2021-2022,Female,Other Hispanic,6.493618118652692,437.0,42.0,1117837.787835,Any CVD,2021.5
2021-2022,Female,Other/Multiracial,8.146552873982076,269.0,30.0,669571.8444984545,Any CVD,2021.5
2021-2022,Male,Mexican American,4.299974580718701,263.0,16.0,833722.0043817272,Any CVD,2021.5
2021-2022,Male,Non-Hispanic Asian,5.81857795354557,184.0,21.0,625225.4636315454,Any CVD,2021.5
2021-2022,Male,Non-Hispanic Black,9.69056878575806,427.0,61.0,1090850.259845091,Any CVD,2021.5
2021-2022,Male,Non-Hispanic White,12.78615527528881,2028.0,339.0,6542645.659345182,Any CVD,2021.5
2021-2022,Male,Other Hispanic,9.146271296273246,342.0,51.0,1013389.3762531818,Any CVD,2021.5
2021-2022,Male,Other/Multiracial,13.5080909096841,243.0,39.0,691799.9487632727,Any CVD,2021.5
