step,n,excluded,pct_of_start,cvd_deaths
NHANES 1999-2014 respondents,82091,0,100.0,
Merged with the linked mortality file,82091,0,100.0,2825.0
Eligible for linkage (ELIGSTAT = 1),47281,34810,57.6,2825.0
Completed the MEC examination,45035,2246,54.9,2513.0
Aged 40-79,24106,20929,29.4,1530.0
Non-zero examination weight,24106,0,29.4,1530.0
Baseline CVD status known,24103,3,29.4,1530.0
Free of self-reported CVD at baseline,20737,3366,25.3,925.0
Cause of death coded for every decedent,20736,1,25.3,925.0
